{
    "anchorpoints": [],
    "portpins": [
        {
            "name": "1",
            "position": [
                12.5,
                -0.09499999999999997,
                0.5083000000000001
            ],
            "rotation": [
                0.0,
                -0.0,
                1.0,
                0.0,
                1.0,
                0.0,
                -1.0,
                0.0,
                0.0
            ]
        },
        {
            "name": "2",
            "position": [
                0.0,
                -12.5,
                0.5083000000000001
            ],
            "rotation": [
                0.0,
                0.0,
                1.0,
                1.0,
                0.0,
                0.0,
                0.0,
                1.0,
                0.0
            ]
        },
        {
            "name": "3",
            "position": [
                -0.08000000000000007,
                12.5,
                0.5083000000000001
            ],
            "rotation": [
                -0.0,
                0.0,
                -1.0,
                1.0,
                0.0,
                0.0,
                0.0,
                -1.0,
                0.0
            ]
        }
    ],
    "version": 6
}